YYYY-MM-DD,hh:mm, Original, Calculated, Flag
1912/1/1,--:--,1448,-999,0
1912/2/1,--:--,1013,-999,0
1912/3/1,--:--,716,-999,0
1912/4/1,--:--,559,-999,0
1912/5/1,--:--,459,-999,0
1912/6/1,--:--,416,-999,0
1912/7/1,--:--,1381,-999,0
1912/8/1,--:--,7765,-999,0
1912/9/1,--:--,7561,-999,0
1912/10/1,--:--,4144,-999,0
1912/11/1,--:--,2353,-999,0
1912/12/1,--:--,1709,-999,0
1913/1/1,--:--,1362,-999,0
1913/2/1,--:--,954,-999,0
1913/3/1,--:--,698,-999,0
1913/4/1,--:--,570,-999,0
1913/5/1,--:--,507,-999,0
1913/6/1,--:--,655,-999,0
1913/7/1,--:--,832,-999,0
1913/8/1,--:--,2867,-999,0
1913/9/1,--:--,5169,-999,0
1913/10/1,--:--,2934,-999,0
1913/11/1,--:--,1597,-999,0
1913/12/1,--:--,1127,-999,0
1914/1/1,--:--,784,-999,0
1914/2/1,--:--,586,-999,0
1914/3/1,--:--,481,-999,0
1914/4/1,--:--,424,-999,0
1914/5/1,--:--,440,-999,0
1914/6/1,--:--,439,-999,0
1914/7/1,--:--,1082,-999,0
1914/8/1,--:--,8549,-999,0
1914/9/1,--:--,8603,-999,0
1914/10/1,--:--,6720,-999,0
1914/11/1,--:--,4050,-999,0
1914/12/1,--:--,2337,-999,0
1915/1/1,--:--,1564,-999,0
1915/2/1,--:--,1211,-999,0
1915/3/1,--:--,765,-999,0
1915/4/1,--:--,532,-999,0
1915/5/1,--:--,481,-999,0
1915/6/1,--:--,617,-999,0
1915/7/1,--:--,1149,-999,0
1915/8/1,--:--,4592,-999,0
1915/9/1,--:--,6327,-999,0
1915/10/1,--:--,5600,-999,0
1915/11/1,--:--,3024,-999,0
1915/12/1,--:--,1833,-999,0
1916/1/1,--:--,1310,-999,0
1916/2/1,--:--,866,-999,0
1916/3/1,--:--,560,-999,0
1916/4/1,--:--,455,-999,0
1916/5/1,--:--,421,-999,0
1916/6/1,--:--,509,-999,0
1916/7/1,--:--,2277,-999,0
1916/8/1,--:--,10117,-999,0
1916/9/1,--:--,12229,-999,0
1916/10/1,--:--,8661,-999,0
1916/11/1,--:--,4706,-999,0
1916/12/1,--:--,2635,-999,0
1917/1/1,--:--,1993,-999,0
1917/2/1,--:--,1707,-999,0
1917/3/1,--:--,1415,-999,0
1917/4/1,--:--,929,-999,0
1917/5/1,--:--,657,-999,0
1917/6/1,--:--,802,-999,0
1917/7/1,--:--,2176,-999,0
1917/8/1,--:--,7317,-999,0
1917/9/1,--:--,12152,-999,0
1917/10/1,--:--,9035,-999,0
1917/11/1,--:--,4475,-999,0
1917/12/1,--:--,2568,-999,0
1918/1/1,--:--,1997,-999,0
1918/2/1,--:--,1798,-999,0
1918/3/1,--:--,1795,-999,0
1918/4/1,--:--,1751,-999,0
1918/5/1,--:--,1620,-999,0
1918/6/1,--:--,1334,-999,0
1918/7/1,--:--,2352,-999,0
1918/8/1,--:--,5824,-999,0
1918/9/1,--:--,7253,-999,0
1918/10/1,--:--,4442,-999,0
1918/11/1,--:--,2573,-999,0
1918/12/1,--:--,1870,-999,0
1919/1/1,--:--,1381,-999,0
1919/2/1,--:--,987,-999,0
1919/3/1,--:--,772,-999,0
1919/4/1,--:--,625,-999,0
1919/5/1,--:--,548,-999,0
1919/6/1,--:--,648,-999,0
1919/7/1,--:--,1892,-999,0
1919/8/1,--:--,7168,-999,0
1919/9/1,--:--,8641,-999,0
1919/10/1,--:--,4853,-999,0
1919/11/1,--:--,2415,-999,0
1919/12/1,--:--,1680,-999,0
1920/1/1,--:--,1280,-999,0
1920/2/1,--:--,818,-999,0
1920/3/1,--:--,593,-999,0
1920/4/1,--:--,505,-999,0
1920/5/1,--:--,455,-999,0
1920/6/1,--:--,760,-999,0
1920/7/1,--:--,2326,-999,0
1920/8/1,--:--,7728,-999,0
1920/9/1,--:--,7368,-999,0
1920/10/1,--:--,5899,-999,0
1920/11/1,--:--,3360,-999,0
1920/12/1,--:--,1933,-999,0
1921/1/1,--:--,1418,-999,0
1921/2/1,--:--,901,-999,0
1921/3/1,--:--,627,-999,0
1921/4/1,--:--,501,-999,0
1921/5/1,--:--,418,-999,0
1921/6/1,--:--,532,-999,0
1921/7/1,--:--,1232,-999,0
1921/8/1,--:--,6683,-999,0
1921/9/1,--:--,8294,-999,0
1921/10/1,--:--,5675,-999,0
1921/11/1,--:--,2754,-999,0
1921/12/1,--:--,1709,-999,0
1922/1/1,--:--,1276,-999,0
1922/2/1,--:--,810,-999,0
1922/3/1,--:--,515,-999,0
1922/4/1,--:--,405,-999,0
1922/5/1,--:--,328,-999,0
1922/6/1,--:--,385,-999,0
1922/7/1,--:--,1426,-999,0
1922/8/1,--:--,7205,-999,0
1922/9/1,--:--,9837,-999,0
1922/10/1,--:--,6347,-999,0
1922/11/1,--:--,3136,-999,0
1922/12/1,--:--,1889,-999,0
1923/1/1,--:--,1362,-999,0
1923/2/1,--:--,814,-999,0
1923/3/1,--:--,470,-999,0
1923/4/1,--:--,435,-999,0
1923/5/1,--:--,567,-999,0
1923/6/1,--:--,914,-999,0
1923/7/1,--:--,1866,-999,0
1923/8/1,--:--,8400,-999,0
1923/9/1,--:--,8912,-999,0
1923/10/1,--:--,6235,-999,0
1923/11/1,--:--,2689,-999,0
1923/12/1,--:--,1788,-999,0
1924/1/1,--:--,1392,-999,0
1924/2/1,--:--,957,-999,0
1924/3/1,--:--,616,-999,0
1924/4/1,--:--,478,-999,0
1924/5/1,--:--,522,-999,0
1924/6/1,--:--,597,-999,0
1924/7/1,--:--,2139,-999,0
1924/8/1,--:--,7317,-999,0
1924/9/1,--:--,8989,-999,0
1924/10/1,--:--,5413,-999,0
1924/11/1,--:--,3047,-999,0
1924/12/1,--:--,1975,-999,0
1925/1/1,--:--,1403,-999,0
1925/2/1,--:--,1020,-999,0
1925/3/1,--:--,679,-999,0
1925/4/1,--:--,528,-999,0
1925/5/1,--:--,481,-999,0
1925/6/1,--:--,628,-999,0
1925/7/1,--:--,1657,-999,0
1925/8/1,--:--,5861,-999,0
1925/9/1,--:--,6905,-999,0
1925/10/1,--:--,4778,-999,0
1925/11/1,--:--,2291,-999,0
1925/12/1,--:--,1523,-999,0
1926/1/1,--:--,1265,-999,0
1926/2/1,--:--,921,-999,0
1926/3/1,--:--,679,-999,0
1926/4/1,--:--,652,-999,0
1926/5/1,--:--,657,-999,0
1926/6/1,--:--,1041,-999,0
1926/7/1,--:--,1851,-999,0
1926/8/1,--:--,8064,-999,0
1926/9/1,--:--,8912,-999,0
1926/10/1,--:--,5563,-999,0
1926/11/1,--:--,2893,-999,0
1926/12/1,--:--,1795,-999,0
1927/1/1,--:--,1437,-999,0
1927/2/1,--:--,1132,-999,0
1927/3/1,--:--,731,-999,0
1927/4/1,--:--,613,-999,0
1927/5/1,--:--,586,-999,0
1927/6/1,--:--,578,-999,0
1927/7/1,--:--,1773,-999,0
1927/8/1,--:--,6832,-999,0
1927/9/1,--:--,7831,-999,0
1927/10/1,--:--,5114,-999,0
1927/11/1,--:--,2125,-999,0
1927/12/1,--:--,1370,-999,0
1928/1/1,--:--,966,-999,0
1928/2/1,--:--,674,-999,0
1928/3/1,--:--,545,-999,0
1928/4/1,--:--,513,-999,0
1928/5/1,--:--,642,-999,0
1928/6/1,--:--,1045,-999,0
1928/7/1,--:--,2807,-999,0
1928/8/1,--:--,7429,-999,0
1928/9/1,--:--,8101,-999,0
1928/10/1,--:--,4554,-999,0
1928/11/1,--:--,2550,-999,0
1928/12/1,--:--,1624,-999,0
1929/1/1,--:--,1299,-999,0
1929/2/1,--:--,921,-999,0
1929/3/1,--:--,675,-999,0
1929/4/1,--:--,570,-999,0
1929/5/1,--:--,668,-999,0
1929/6/1,--:--,1454,-999,0
1929/7/1,--:--,3733,-999,0
1929/8/1,--:--,9483,-999,0
1929/9/1,--:--,9953,-999,0
1929/10/1,--:--,6981,-999,0
1929/11/1,--:--,3595,-999,0
1929/12/1,--:--,1945,-999,0
1930/1/1,--:--,1571,-999,0
1930/2/1,--:--,1186,-999,0
1930/3/1,--:--,825,-999,0
1930/4/1,--:--,667,-999,0
1930/5/1,--:--,649,-999,0
1930/6/1,--:--,736,-999,0
1930/7/1,--:--,2087,-999,0
1930/8/1,--:--,7355,-999,0
1930/9/1,--:--,7137,-999,0
1930/10/1,--:--,4293,-999,0
1930/11/1,--:--,2017,-999,0
1930/12/1,--:--,1366,-999,0
1931/1/1,--:--,1015,-999,0
1931/2/1,--:--,677,-999,0
1931/3/1,--:--,548,-999,0
1931/4/1,--:--,486,-999,0
1931/5/1,--:--,500,-999,0
1931/6/1,--:--,462,-999,0
1931/7/1,--:--,1258,-999,0
1931/8/1,--:--,6309,-999,0
1931/9/1,--:--,8333,-999,0
1931/10/1,--:--,5525,-999,0
1931/11/1,--:--,3055,-999,0
1931/12/1,--:--,1650,-999,0
1932/1/1,--:--,1284,-999,0
1932/2/1,--:--,802,-999,0
1932/3/1,--:--,626,-999,0
1932/4/1,--:--,524,-999,0
1932/5/1,--:--,518,-999,0
1932/6/1,--:--,763,-999,0
1932/7/1,--:--,1892,-999,0
1932/8/1,--:--,7541,-999,0
1932/9/1,--:--,8912,-999,0
1932/10/1,--:--,5936,-999,0
1932/11/1,--:--,2816,-999,0
1932/12/1,--:--,1747,-999,0
1933/1/1,--:--,1568,-999,0
1933/2/1,--:--,1397,-999,0
1933/3/1,--:--,1019,-999,0
1933/4/1,--:--,644,-999,0
1933/5/1,--:--,657,-999,0
1933/6/1,--:--,744,-999,0
1933/7/1,--:--,1422,-999,0
1933/8/1,--:--,5376,-999,0
1933/9/1,--:--,8796,-999,0
1933/10/1,--:--,5637,-999,0
1933/11/1,--:--,3352,-999,0
1933/12/1,--:--,2113,-999,0
1934/1/1,--:--,1564,-999,0
1934/2/1,--:--,1120,-999,0
1934/3/1,--:--,750,-999,0
1934/4/1,--:--,644,-999,0
1934/5/1,--:--,619,-999,0
1934/6/1,--:--,702,-999,0
1934/7/1,--:--,2837,-999,0
1934/8/1,--:--,8251,-999,0
1934/9/1,--:--,9413,-999,0
1934/10/1,--:--,6160,-999,0
1934/11/1,--:--,2854,-999,0
1934/12/1,--:--,1874,-999,0
1935/1/1,--:--,1568,-999,0
1935/2/1,--:--,1178,-999,0
1935/3/1,--:--,798,-999,0
1935/4/1,--:--,655,-999,0
1935/5/1,--:--,686,-999,0
1935/6/1,--:--,1033,-999,0
1935/7/1,--:--,2986,-999,0
1935/8/1,--:--,8549,-999,0
1935/9/1,--:--,9336,-999,0
1935/10/1,--:--,6421,-999,0
1935/11/1,--:--,2901,-999,0
1935/12/1,--:--,1848,-999,0
1936/1/1,--:--,1474,-999,0
1936/2/1,--:--,1053,-999,0
1936/3/1,--:--,832,-999,0
1936/4/1,--:--,682,-999,0
1936/5/1,--:--,645,-999,0
1936/6/1,--:--,694,-999,0
1936/7/1,--:--,2326,-999,0
1936/8/1,--:--,7467,-999,0
1936/9/1,--:--,9837,-999,0
1936/10/1,--:--,5824,-999,0
1936/11/1,--:--,2658,-999,0
1936/12/1,--:--,1568,-999,0
1937/1/1,--:--,1183,-999,0
1937/2/1,--:--,785,-999,0
1937/3/1,--:--,616,-999,0
1937/4/1,--:--,559,-999,0
1937/5/1,--:--,522,-999,0
1937/6/1,--:--,694,-999,0
1937/7/1,--:--,1807,-999,0
1937/8/1,--:--,8064,-999,0
1937/9/1,--:--,9182,-999,0
1937/10/1,--:--,5040,-999,0
1937/11/1,--:--,2233,-999,0
1937/12/1,--:--,1609,-999,0
1938/1/1,--:--,1250,-999,0
1938/2/1,--:--,863,-999,0
1938/3/1,--:--,825,-999,0
1938/4/1,--:--,644,-999,0
1938/5/1,--:--,548,-999,0
1938/6/1,--:--,617,-999,0
1938/7/1,--:--,1687,-999,0
1938/8/1,--:--,8885,-999,0
1938/9/1,--:--,10416,-999,0
1938/10/1,--:--,7392,-999,0
1938/11/1,--:--,3414,-999,0
1938/12/1,--:--,1963,-999,0
1939/1/1,--:--,1538,-999,0
1939/2/1,--:--,1306,-999,0
1939/3/1,--:--,873,-999,0
1939/4/1,--:--,825,-999,0
1939/5/1,--:--,828,-999,0
1939/6/1,--:--,837,-999,0
1939/7/1,--:--,1579,-999,0
1939/8/1,--:--,5227,-999,0
1939/9/1,--:--,7098,-999,0
1939/10/1,--:--,4629,-999,0
1939/11/1,--:--,2924,-999,0
1939/12/1,--:--,1627,-999,0
1940/1/1,--:--,1179,-999,0
1940/2/1,--:--,830,-999,0
1940/3/1,--:--,933,-999,0
1940/4/1,--:--,706,-999,0
1940/5/1,--:--,504,-999,0
1940/6/1,--:--,597,-999,0
1940/7/1,--:--,1280,-999,0
1940/8/1,--:--,6048,-999,0
1940/9/1,--:--,7021,-999,0
1940/10/1,--:--,3643,-999,0
1940/11/1,--:--,1651,-999,0
1940/12/1,--:--,1116,-999,0
1941/1/1,--:--,1508,-999,0
1941/2/1,--:--,752,-999,0
1941/3/1,--:--,802,-999,0
1941/4/1,--:--,644,-999,0
1941/5/1,--:--,429,-999,0
1941/6/1,--:--,744,-999,0
1941/7/1,--:--,1653,-999,0
1941/8/1,--:--,4965,-999,0
1941/9/1,--:--,5825,-999,0
1941/10/1,--:--,4144,-999,0
1941/11/1,--:--,2866,-999,0
1941/12/1,--:--,1489,-999,0
1942/1/1,--:--,1116,-999,0
1942/2/1,--:--,859,-999,0
1942/3/1,--:--,948,-999,0
1942/4/1,--:--,972,-999,0
1942/5/1,--:--,675,-999,0
1942/6/1,--:--,740,-999,0
1942/7/1,--:--,2034,-999,0
1942/8/1,--:--,8363,-999,0
1942/9/1,--:--,8101,-999,0
1942/10/1,--:--,5413,-999,0
1942/11/1,--:--,2129,-999,0
1942/12/1,--:--,1422,-999,0
1943/1/1,--:--,1131,-999,0
1943/2/1,--:--,764,-999,0
1943/3/1,--:--,933,-999,0
1943/4/1,--:--,856,-999,0
1943/5/1,--:--,601,-999,0
1943/6/1,--:--,601,-999,0
1943/7/1,--:--,1224,-999,0
1943/8/1,--:--,4480,-999,0
1943/9/1,--:--,9375,-999,0
1943/10/1,--:--,4816,-999,0
1943/11/1,--:--,2349,-999,0
1943/12/1,--:--,1978,-999,0
1944/1/1,--:--,996,-999,0
1944/2/1,--:--,678,-999,0
1944/3/1,--:--,959,-999,0
1944/4/1,--:--,945,-999,0
1944/5/1,--:--,672,-999,0
1944/6/1,--:--,821,-999,0
1944/7/1,--:--,1937,-999,0
1944/8/1,--:--,6832,-999,0
1944/9/1,--:--,7137,-999,0
1944/10/1,--:--,4517,-999,0
1944/11/1,--:--,1944,-999,0
1944/12/1,--:--,1359,-999,0
1945/1/1,--:--,974,-999,0
1945/2/1,--:--,777,-999,0
1945/3/1,--:--,1026,-999,0
1945/4/1,--:--,879,-999,0
1945/5/1,--:--,560,-999,0
1945/6/1,--:--,775,-999,0
1945/7/1,--:--,1452,-999,0
1945/8/1,--:--,5973,-999,0
1945/9/1,--:--,7561,-999,0
1945/10/1,--:--,5936,-999,0
1945/11/1,--:--,3086,-999,0
1945/12/1,--:--,1825,-999,0
1946/1/1,--:--,1381,-999,0
1946/2/1,--:--,950,-999,0
1946/3/1,--:--,937,-999,0
1946/4/1,--:--,952,-999,0
1946/5/1,--:--,795,-999,0
1946/6/1,--:--,621,-999,0
1946/7/1,--:--,2751,-999,0
1946/8/1,--:--,10043,-999,0
1946/9/1,--:--,10686,-999,0
1946/10/1,--:--,5451,-999,0
1946/11/1,--:--,3175,-999,0
1946/12/1,--:--,1941,-999,0
1947/1/1,--:--,1489,-999,0
1947/2/1,--:--,1273,-999,0
1947/3/1,--:--,1142,-999,0
1947/4/1,--:--,1003,-999,0
1947/5/1,--:--,1067,-999,0
1947/6/1,--:--,1126,-999,0
1947/7/1,--:--,1299,-999,0
1947/8/1,--:--,6123,-999,0
1947/9/1,--:--,8834,-999,0
1947/10/1,--:--,5189,-999,0
1947/11/1,--:--,2222,-999,0
1947/12/1,--:--,1515,-999,0
1948/1/1,--:--,1273,-999,0
1948/2/1,--:--,1069,-999,0
1948/3/1,--:--,933,-999,0
1948/4/1,--:--,987,-999,0
1948/5/1,--:--,821,-999,0
1948/6/1,--:--,706,-999,0
1948/7/1,--:--,2187,-999,0
1948/8/1,--:--,6533,-999,0
1948/9/1,--:--,7407,-999,0
1948/10/1,--:--,5787,-999,0
1948/11/1,--:--,3352,-999,0
1948/12/1,--:--,1702,-999,0
1949/1/1,--:--,1303,-999,0
1949/2/1,--:--,1070,-999,0
1949/3/1,--:--,899,-999,0
1949/4/1,--:--,972,-999,0
1949/5/1,--:--,952,-999,0
1949/6/1,--:--,775,-999,0
1949/7/1,--:--,1728,-999,0
1949/8/1,--:--,6907,-999,0
1949/9/1,--:--,7793,-999,0
1949/10/1,--:--,4928,-999,0
1949/11/1,--:--,2685,-999,0
1949/12/1,--:--,1635,-999,0
1950/1/1,--:--,1400,-999,0
1950/2/1,--:--,1124,-999,0
1950/3/1,--:--,948,-999,0
1950/4/1,--:--,968,-999,0
1950/5/1,--:--,1015,-999,0
1950/6/1,--:--,875,-999,0
1950/7/1,--:--,2027,-999,0
1950/8/1,--:--,8363,-999,0
1950/9/1,--:--,8989,-999,0
1950/10/1,--:--,5264,-999,0
1950/11/1,--:--,2280,-999,0
1950/12/1,--:--,1411,-999,0
1951/1/1,--:--,1161,-999,0
1951/2/1,--:--,781,-999,0
1951/3/1,--:--,866,-999,0
1951/4/1,--:--,933,-999,0
1951/5/1,--:--,742,-999,0
1951/6/1,--:--,501,-999,0
1951/7/1,--:--,1269,-999,0
1951/8/1,--:--,6160,-999,0
1951/9/1,--:--,7021,-999,0
1951/10/1,--:--,4442,-999,0
1951/11/1,--:--,2935,-999,0
1951/12/1,--:--,1650,-999,0
1952/1/1,--:--,1135,-999,0
1952/2/1,--:--,925,-999,0
1952/3/1,--:--,1030,-999,0
1952/4/1,--:--,868,-999,0
1952/5/1,--:--,593,-999,0
1952/6/1,--:--,574,-999,0
1952/7/1,--:--,1467,-999,0
1952/8/1,--:--,5895,-999,0
1952/9/1,--:--,7889,-999,0
1952/10/1,--:--,4256,-999,0
1952/11/1,--:--,2044,-999,0
1952/12/1,--:--,1224,-999,0
1953/1/1,--:--,929,-999,0
1953/2/1,--:--,756,-999,0
1953/3/1,--:--,866,-999,0
1953/4/1,--:--,933,-999,0
1953/5/1,--:--,563,-999,0
1953/6/1,--:--,671,-999,0
1953/7/1,--:--,1941,-999,0
1953/8/1,--:--,8587,-999,0
1953/9/1,--:--,7870,-999,0
1953/10/1,--:--,4741,-999,0
1953/11/1,--:--,2094,-999,0
1953/12/1,--:--,1351,-999,0
1954/1/1,--:--,955,-999,0
1954/2/1,--:--,739,-999,0
1954/3/1,--:--,952,-999,0
1954/4/1,--:--,906,-999,0
1954/5/1,--:--,616,-999,0
1954/6/1,--:--,555,-999,0
1954/7/1,--:--,2564,-999,0
1954/8/1,--:--,9408,-999,0
1954/9/1,--:--,10648,-999,0
1954/10/1,--:--,7093,-999,0
1954/11/1,--:--,2843,-999,0
1954/12/1,--:--,1676,-999,0
1955/1/1,--:--,1314,-999,0
1955/2/1,--:--,1066,-999,0
1955/3/1,--:--,802,-999,0
1955/4/1,--:--,956,-999,0
1955/5/1,--:--,944,-999,0
1955/6/1,--:--,922,-999,0
1955/7/1,--:--,1877,-999,0
1955/8/1,--:--,7429,-999,0
1955/9/1,--:--,8834,-999,0
1955/10/1,--:--,6421,-999,0
1955/11/1,--:--,2469,-999,0
1955/12/1,--:--,1527,-999,0
1956/1/1,--:--,1273,-999,0
1956/2/1,--:--,1089,-999,0
1956/3/1,--:--,922,-999,0
1956/4/1,--:--,999,-999,0
1956/5/1,--:--,1015,-999,0
1956/6/1,--:--,1014,-999,0
1956/7/1,--:--,2486,-999,0
1956/8/1,--:--,7504,-999,0
1956/9/1,--:--,8024,-999,0
1956/10/1,--:--,6683,-999,0
1956/11/1,--:--,4282,-999,0
1956/12/1,--:--,1963,-999,0
1957/1/1,--:--,1400,-999,0
1957/2/1,--:--,1248,-999,0
1957/3/1,--:--,925,-999,0
1957/4/1,--:--,1126,-999,0
1957/5/1,--:--,1146,-999,0
1957/6/1,--:--,1307,-999,0
1957/7/1,--:--,1780,-999,0
1957/8/1,--:--,6944,-999,0
1957/9/1,--:--,7523,-999,0
1957/10/1,--:--,3184,-999,0
1957/11/1,--:--,1682,-999,0
1957/12/1,--:--,1127,-999,0
1958/1/1,--:--,866,-999,0
1958/2/1,--:--,777,-999,0
1958/3/1,--:--,810,-999,0
1958/4/1,--:--,925,-999,0
1958/5/1,--:--,660,-999,0
1958/6/1,--:--,621,-999,0
1958/7/1,--:--,2210,-999,0
1958/8/1,--:--,9408,-999,0
1958/9/1,--:--,8757,-999,0
1958/10/1,--:--,5675,-999,0
1958/11/1,--:--,2758,-999,0
1958/12/1,--:--,1695,-999,0
1959/1/1,--:--,1202,-999,0
1959/2/1,--:--,954,-999,0
1959/3/1,--:--,851,-999,0
1959/4/1,--:--,979,-999,0
1959/5/1,--:--,847,-999,0
1959/6/1,--:--,717,-999,0
1959/7/1,--:--,1482,-999,0
1959/8/1,--:--,7280,-999,0
1959/9/1,--:--,10725,-999,0
1959/10/1,--:--,5525,-999,0
1959/11/1,--:--,3267,-999,0
1959/12/1,--:--,1624,-999,0
1960/1/1,--:--,1164,-999,0
1960/2/1,--:--,886,-999,0
1960/3/1,--:--,832,-999,0
1960/4/1,--:--,964,-999,0
1960/5/1,--:--,933,-999,0
1960/6/1,--:--,694,-999,0
1960/7/1,--:--,1672,-999,0
1960/8/1,--:--,6496,-999,0
1960/9/1,--:--,7870,-999,0
1960/10/1,--:--,5040,-999,0
1960/11/1,--:--,2071,-999,0
1960/12/1,--:--,1172,-999,0
1961/1/1,--:--,952,-999,0
1961/2/1,--:--,1149,-999,0
1961/3/1,--:--,862,-999,0
1961/4/1,--:--,1003,-999,0
1961/5/1,--:--,757,-999,0
1961/6/1,--:--,582,-999,0
1961/7/1,--:--,2445,-999,0
1961/8/1,--:--,8661,-999,0
1961/9/1,--:--,10339,-999,0
1961/10/1,--:--,6496,-999,0
1961/11/1,--:--,2916,-999,0
1961/12/1,--:--,1836,-999,0
1962/1/1,--:--,1370,-999,0
1962/2/1,--:--,1140,-999,0
1962/3/1,--:--,966,-999,0
1962/4/1,--:--,1153,-999,0
1962/5/1,--:--,1112,-999,0
1962/6/1,--:--,1242,-999,0
1962/7/1,--:--,1866,-999,0
1962/8/1,--:--,6496,-999,0
1962/9/1,--:--,8719,-999,0
1962/10/1,--:--,5787,-999,0
1962/11/1,--:--,2249,-999,0
1962/12/1,--:--,1500,-999,0
1963/1/1,--:--,1250,-999,0
1963/2/1,--:--,1165,-999,0
1963/3/1,--:--,955,-999,0
1963/4/1,--:--,1087,-999,0
1963/5/1,--:--,1213,-999,0
1963/6/1,--:--,1385,-999,0
1963/7/1,--:--,2609,-999,0
1963/8/1,--:--,8251,-999,0
1963/9/1,--:--,7600,-999,0
1963/10/1,--:--,3957,-999,0
1963/11/1,--:--,1882,-999,0
1963/12/1,--:--,1702,-999,0
1964/1/1,--:--,1605,-999,0
1964/2/1,--:--,1293,-999,0
1964/3/1,--:--,1067,-999,0
1964/4/1,--:--,1041,-999,0
1964/5/1,--:--,1355,-999,0
1964/6/1,--:--,1581,-999,0
1964/7/1,--:--,2956,-999,0
1964/8/1,--:--,9296,-999,0
1964/9/1,--:--,9915,-999,0
1964/10/1,--:--,6123,-999,0
1964/11/1,--:--,3645,-999,0
1964/12/1,--:--,2184,-999,0
1965/1/1,--:--,2146,-999,0
1965/2/1,--:--,2099,-999,0
1965/3/1,--:--,1639,-999,0
1965/4/1,--:--,1381,-999,0
1965/5/1,--:--,1556,-999,0
1965/6/1,--:--,1743,-999,0
1965/7/1,--:--,2172,-999,0
1965/8/1,--:--,5525,-999,0
1965/9/1,--:--,6018,-999,0
1965/10/1,--:--,4106,-999,0
1965/11/1,--:--,2546,-999,0
1965/12/1,--:--,1833,-999,0
1966/1/1,--:--,1467,-999,0
1966/2/1,--:--,1248,-999,0
1966/3/1,--:--,948,-999,0
1966/4/1,--:--,1238,-999,0
1966/5/1,--:--,1325,-999,0
1966/6/1,--:--,1199,-999,0
1966/7/1,--:--,2079,-999,0
1966/8/1,--:--,4778,-999,0
1966/9/1,--:--,6751,-999,0
1966/10/1,--:--,2721,-999,0
1966/11/1,--:--,1724,-999,0
1966/12/1,--:--,1691,-999,0
1967/1/1,--:--,1736,-999,0
1967/2/1,--:--,1366,-999,0
1967/3/1,--:--,787,-999,0
1967/4/1,--:--,1151,-999,0
1967/5/1,--:--,1238,-999,0
1967/6/1,--:--,1168,-999,0
1967/7/1,--:--,2199,-999,0
1967/8/1,--:--,7430,-999,0
1967/9/1,--:--,8506,-999,0
1967/10/1,--:--,5196,-999,0
1967/11/1,--:--,2407,-999,0
1967/12/1,--:--,1967,-999,0
1968/1/1,--:--,1527,-999,0
1968/2/1,--:--,1365,-999,0
1968/3/1,--:--,1076,-999,0
1968/4/1,--:--,1215,-999,0
1968/5/1,--:--,1215,-999,0
1968/6/1,--:--,1152,-999,0
1968/7/1,--:--,2615,-999,0
1968/8/1,--:--,6655,-999,0
1968/9/1,--:--,4398,-999,0
1968/10/1,--:--,3715,-999,0
1968/11/1,--:--,1770,-999,0
1968/12/1,--:--,1377,-999,0
1969/1/1,--:--,1102,-999,0
1969/2/1,--:--,948,-999,0
1969/3/1,--:--,983,-999,0
1969/4/1,--:--,1481,-999,0
1969/5/1,--:--,1412,-999,0
1969/6/1,--:--,991,-999,0
1969/7/1,--:--,2199,-999,0
1969/8/1,--:--,7384,-999,0
1969/9/1,--:--,6712,-999,0
1969/10/1,--:--,2337,-999,0
1969/11/1,--:--,1527,-999,0
1969/12/1,--:--,1250,-999,0
1970/1/1,--:--,1215,-999,0
1970/2/1,--:--,1064,-999,0
1970/3/1,--:--,800,-999,0
1970/4/1,--:--,1342,-999,0
1970/5/1,--:--,1192,-999,0
1970/6/1,--:--,848,-999,0
1970/7/1,--:--,1284,-999,0
1970/8/1,--:--,7280,-999,0
1970/9/1,--:--,8009,-999,0
1970/10/1,--:--,3402,-999,0
1970/11/1,--:--,1875,-999,0
1970/12/1,--:--,1400,-999,0
1971/1/1,--:--,1296,-999,0
1971/2/1,--:--,1414,-999,0
1971/3/1,--:--,857,-999,0
1971/4/1,--:--,1412,-999,0
1971/5/1,--:--,1307,-999,0
1971/6/1,--:--,907,-999,0
1971/7/1,--:--,2048,-999,0
1971/8/1,--:--,7129,-999,0
1971/9/1,--:--,7777,-999,0
1971/10/1,--:--,3472,-999,0
1971/11/1,--:--,2141,-999,0
1971/12/1,--:--,1562,-999,0
1972/1/1,--:--,1296,-999,0
1972/2/1,--:--,1238,-999,0
1972/3/1,--:--,887,-999,0
1972/4/1,--:--,1412,-999,0
1972/5/1,--:--,1250,-999,0
1972/6/1,--:--,960,-999,0
1972/7/1,--:--,1898,-999,0
1972/8/1,--:--,4155,-999,0
1972/9/1,--:--,3402,-999,0
1972/10/1,--:--,2754,-999,0
1972/11/1,--:--,1400,-999,0
1972/12/1,--:--,955,-999,0
1973/1/1,--:--,817,-999,0
1973/2/1,--:--,595,-999,0
1973/3/1,--:--,582,-999,0
1973/4/1,--:--,991,-999,0
1973/5/1,--:--,1067,-999,0
1973/6/1,--:--,1068,-999,0
1973/7/1,--:--,1527,-999,0
1973/8/1,--:--,6309,-999,0
1973/9/1,--:--,6404,-999,0
1973/10/1,--:--,3808,-999,0
1973/11/1,--:--,1878,-999,0
1973/12/1,--:--,1164,-999,0
1974/1/1,--:--,1116,-999,0
1974/2/1,--:--,905,-999,0
1974/3/1,--:--,735,-999,0
1974/4/1,--:--,1168,-999,0
1974/5/1,--:--,1179,-999,0
1974/6/1,--:--,1107,-999,0
1974/7/1,--:--,3352,-999,0
1974/8/1,--:--,8437,-999,0
1974/9/1,--:--,7523,-999,0
1974/10/1,--:--,4218,-999,0
1974/11/1,--:--,1983,-999,0
1974/12/1,--:--,1314,-999,0
1975/1/1,--:--,1224,-999,0
1975/2/1,--:--,934,-999,0
1975/3/1,--:--,724,-999,0
1975/4/1,--:--,1184,-999,0
1975/5/1,--:--,1191,-999,0
1975/6/1,--:--,790,-999,0
1975/7/1,--:--,1866,-999,0
1975/8/1,--:--,8475,-999,0
1975/9/1,--:--,11419,-999,0
1975/10/1,--:--,5675,-999,0
1975/11/1,--:--,2496,-999,0
1975/12/1,--:--,1747,-999,0
1976/1/1,--:--,1400,-999,0
1976/2/1,--:--,1133,-999,0
1976/3/1,--:--,918,-999,0
1976/4/1,--:--,1026,-999,0
1976/5/1,--:--,993,-999,0
1976/6/1,--:--,1242,-999,0
1976/7/1,--:--,2042,-999,0
1976/8/1,--:--,6421,-999,0
1976/9/1,--:--,5671,-999,0
1976/10/1,--:--,2747,-999,0
1976/11/1,--:--,1712,-999,0
1976/12/1,--:--,1329,-999,0
1977/1/1,--:--,1022,-999,0
1977/2/1,--:--,748,-999,0
1977/3/1,--:--,675,-999,0
1977/4/1,--:--,1049,-999,0
1977/5/1,--:--,1142,-999,0
1977/6/1,--:--,1003,-999,0
1977/7/1,--:--,1993,-999,0
1977/8/1,--:--,8176,-999,0
1977/9/1,--:--,5671,-999,0
1977/10/1,--:--,3177,-999,0
1977/11/1,--:--,2492,-999,0
1977/12/1,--:--,1288,-999,0
1978/1/1,--:--,1224,-999,0
1978/2/1,--:--,938,-999,0
1978/3/1,--:--,713,-999,0
1978/4/1,--:--,883,-999,0
1978/5/1,--:--,1052,-999,0
1978/6/1,--:--,1041,-999,0
1978/7/1,--:--,2255,-999,0
1978/8/1,--:--,6869,-999,0
1978/9/1,--:--,5362,-999,0
1978/10/1,--:--,4218,-999,0
1978/11/1,--:--,1724,-999,0
1978/12/1,--:--,1205,-999,0
1979/1/1,--:--,1325,-999,0
1979/2/1,--:--,979,-999,0
1979/3/1,--:--,866,-999,0
1979/4/1,--:--,1141,-999,0
1979/5/1,--:--,1205,-999,0
1979/6/1,--:--,964,-999,0
1979/7/1,--:--,1747,-999,0
1979/8/1,--:--,5152,-999,0
1979/9/1,--:--,4089,-999,0
1979/10/1,--:--,2527,-999,0
1979/11/1,--:--,1415,-999,0
1979/12/1,--:--,1049,-999,0
1980/1/1,--:--,863,-999,0
1980/2/1,--:--,623,-999,0
1980/3/1,--:--,604,-999,0
1980/4/1,--:--,928,-999,0
1980/5/1,--:--,1134,-999,0
1980/6/1,--:--,920,-999,0
1980/7/1,--:--,1933,-999,0
1980/8/1,--:--,7257,-999,0
1980/9/1,--:--,6123,-999,0
1980/10/1,--:--,2164,-999,0
1980/11/1,--:--,1632,-999,0
1980/12/1,--:--,1076,-999,0
1981/1/1,--:--,1008,-999,0
1981/2/1,--:--,774,-999,0
1981/3/1,--:--,686,-999,0
1981/4/1,--:--,1062,-999,0
1981/5/1,--:--,1094,-999,0
1981/6/1,--:--,818,-999,0
1981/7/1,--:--,1586,-999,0
1981/8/1,--:--,6157,-999,0
1981/9/1,--:--,6597,-999,0
1981/10/1,--:--,3831,-999,0
1981/11/1,--:--,1609,-999,0
1981/12/1,--:--,1215,-999,0
1982/1/1,--:--,1008,-999,0
1982/2/1,--:--,938,-999,0
1982/3/1,--:--,706,-999,0
1982/4/1,--:--,1038,-999,0
1982/5/1,--:--,926,-999,0
1982/6/1,--:--,846,-999,0
1982/7/1,--:--,1273,-999,0
1982/8/1,--:--,3935,-999,0
1982/9/1,--:--,4074,-999,0
1982/10/1,--:--,2766,-999,0
1982/11/1,--:--,1539,-999,0
1982/12/1,--:--,1126,-999,0
1983/1/1,--:--,785,-999,0
1983/2/1,--:--,637,-999,0
1983/3/1,--:--,634,-999,0
1983/4/1,--:--,1127,-999,0
1983/5/1,--:--,862,-999,0
1983/6/1,--:--,841,-999,0
1983/7/1,--:--,993,-999,0
1983/8/1,--:--,4178,-999,0
1983/9/1,--:--,5556,-999,0
1983/10/1,--:--,2639,-999,0
1983/11/1,--:--,1782,-999,0
1983/12/1,--:--,1030,-999,0
1984/1/1,--:--,1007,-999,0
1984/2/1,--:--,924,-999,0
1984/3/1,--:--,655,-999,0
1984/4/1,--:--,1005,-999,0
1984/5/1,--:--,939,-999,0
1984/6/1,--:--,714,-999,0
1984/7/1,--:--,1829,-999,0
1984/8/1,--:--,3461,-999,0
1984/9/1,--:--,2234,-999,0
1984/10/1,--:--,1562,-999,0
1984/11/1,--:--,908,-999,0
1984/12/1,--:--,697,-999,0
